,a
0,"28722,72-madagascar-drive-Kings-Park-NSW-2148"
1,"28723,1-kauai-place-Kings-Park-NSW-2148"
2,"28724,2-53-cobham-street-Kings-Park-NSW-2148"
3,"28725,181-madagascar-drive-Kings-Park-NSW-2148"
4,"28726,91-faulkland-crescent-Kings-Park-NSW-2148"
5,"28727,3-lana-close-Kings-Park-NSW-2148"
6,"28729,28-wellesley-crescent-Kings-Park-NSW-2148"
7,"68248,2-21-29-third-avenue-Blacktown-NSW-2148"
8,"68250,28-2-bruce-street-Blacktown-NSW-2148"
9,"68251,6-ironbark-crescent-Blacktown-NSW-2148"
10,"68252,16-glamorgan-street-Blacktown-NSW-2148"
11,"68258,29-kurrajong-crescent-Blacktown-NSW-2148"
12,"68260,17-dagmar-crescent-Blacktown-NSW-2148"
13,"68262,31-filey-street-Blacktown-NSW-2148"
14,"68263,28-bimbil-street-Blacktown-NSW-2148"
15,"68267,129-stephen-street-Blacktown-NSW-2148"
16,"68272,72a-177a-reservoir-road-Blacktown-NSW-2148"
17,"68273,27-farmingdale-drive-Blacktown-NSW-2148"
18,"68274,12-gardenset-grove-Blacktown-NSW-2148"
19,"68275,34-bellevue-street-Blacktown-NSW-2148"
20,"68276,40-anthony-street-Blacktown-NSW-2148"
21,"68277,43-dunstable-road-Blacktown-NSW-2148"
22,"68278,42-buckley-avenue-Blacktown-NSW-2148"
23,"68279,7-caldwell-place-Blacktown-NSW-2148"
24,"68286,6-craiglea-street-Blacktown-NSW-2148"
25,"68292,21-newman-street-Blacktown-NSW-2148"
26,"68294,23-brickfield-place-Blacktown-NSW-2148"
27,"68295,64-21-29-third-avenue-Blacktown-NSW-2148"
28,"68296,16-nicholas-street-Blacktown-NSW-2148"
29,"68301,51-burdett-crescent-Blacktown-NSW-2148"
30,"68308,2-railway-parade-Blacktown-NSW-2148"
31,"68309,1-malouf-place-Blacktown-NSW-2148"
32,"68311,8-huegill-way-Blacktown-NSW-2148"
33,"68312,10-warrigal-street-Blacktown-NSW-2148"
34,"68318,17-becharry-road-Blacktown-NSW-2148"
35,"68319,7-16-filey-street-Blacktown-NSW-2148"
36,"68321,3-finlay-street-Blacktown-NSW-2148"
37,"68322,21-doonside-crescent-Blacktown-NSW-2148"
38,"68324,29-highlands-crescent-Blacktown-NSW-2148"
39,"68326,273-bungarribee-road-Blacktown-NSW-2148"
40,"68327,61-walters-road-Blacktown-NSW-2148"
41,"68332,17-savery-crescent-Blacktown-NSW-2148"
42,"68333,34-rutherford-street-Blacktown-NSW-2148"
43,"68334,23-307-flushcombe-road-Blacktown-NSW-2148"
44,"68335,75a-177a-reservoir-road-Blacktown-NSW-2148"
45,"68338,28a-177a-reservoir-road-Blacktown-NSW-2148"
46,"68342,46-29-33-kildare-road-Blacktown-NSW-2148"
47,"68345,113-killarney-avenue-Blacktown-NSW-2148"
48,"68346,5-adella-avenue-Blacktown-NSW-2148"
49,"68349,4-prospect-street-Blacktown-NSW-2148"
50,"68352,1-12-dudley-avenue-Blacktown-NSW-2148"
51,"68354,137a-kildare-road-Blacktown-NSW-2148"
52,"68358,16-1-boyd-street-Blacktown-NSW-2148"
53,"68360,9-irelands-road-Blacktown-NSW-2148"
54,"68362,73-5-griffiths-street-Blacktown-NSW-2148"
55,"68364,62-tallawong-avenue-Blacktown-NSW-2148"
56,"68368,3-12-dudley-avenue-Blacktown-NSW-2148"
57,"68375,12-bimbil-street-Blacktown-NSW-2148"
58,"68376,305-1-griffiths-street-Blacktown-NSW-2148"
59,"68377,6-16-oxford-street-Blacktown-NSW-2148"
60,"68378,26-dan-avenue-Blacktown-NSW-2148"
61,"68379,1-stewart-avenue-Blacktown-NSW-2148"
62,"68380,17-braddon-street-Blacktown-NSW-2148"
63,"68381,57a-balmoral-street-Blacktown-NSW-2148"
64,"68383,19-16-oxford-street-Blacktown-NSW-2148"
65,"68384,8-monash-road-Blacktown-NSW-2148"
66,"68387,29-mort-street-Blacktown-NSW-2148"
67,"68390,187-kildare-road-Blacktown-NSW-2148"
68,"68391,10-valda-street-Blacktown-NSW-2148"
69,"68392,66-sackville-street-Blacktown-NSW-2148"
70,"68394,76-western-crescent-Blacktown-NSW-2148"
71,"68395,7-valentine-street-Blacktown-NSW-2148"
72,"68400,66-kildare-road-Blacktown-NSW-2148"
73,"68404,26-pank-parade-Blacktown-NSW-2148"
74,"68407,1-70-swinson-road-Blacktown-NSW-2148"
75,"68411,20-love-street-Blacktown-NSW-2148"
76,"68413,16-nerada-street-Blacktown-NSW-2148"
77,"68417,12-birnam-avenue-Blacktown-NSW-2148"
78,"68418,41a-matthew-crescent-Blacktown-NSW-2148"
79,"68422,7-130-aliberti-drive-Blacktown-NSW-2148"
80,"68424,33-allen-road-Blacktown-NSW-2148"
81,"68429,83-doonside-crescent-Blacktown-NSW-2148"
82,"68430,35-swinson-road-Blacktown-NSW-2148"
83,"68433,7-13-19-devitt-street-Blacktown-NSW-2148"
84,"68437,7-26-west-street-Blacktown-NSW-2148"
85,"68439,1-5-mantaka-street-Blacktown-NSW-2148"
86,"68447,6-11-13-fourth-avenue-Blacktown-NSW-2148"
87,"68449,15-11-13-fourth-avenue-Blacktown-NSW-2148"
88,"68450,22-highpoint-drive-Blacktown-NSW-2148"
89,"68451,65-17-huntley-drive-Blacktown-NSW-2148"
90,"68455,1-nash-place-Blacktown-NSW-2148"
91,"68461,76-lancaster-street-Blacktown-NSW-2148"
92,"68462,62-western-crescent-Blacktown-NSW-2148"
93,"68464,10-meroo-street-Blacktown-NSW-2148"
94,"68466,1-24-26-fourth-avenue-Blacktown-NSW-2148"
95,"68467,43-irelands-road-Blacktown-NSW-2148"
96,"68471,55-doonside-crescent-Blacktown-NSW-2148"
97,"68483,37-26-clifton-street-Blacktown-NSW-2148"
98,"68487,27-lyton-street-Blacktown-NSW-2148"
99,"68489,42-kerry-road-Blacktown-NSW-2148"
100,"68490,38-greenbank-drive-Blacktown-NSW-2148"
101,"68494,48-5-griffiths-street-Blacktown-NSW-2148"
102,"68496,15-stableford-street-Blacktown-NSW-2148"
103,"68497,1-keyworth-drive-Blacktown-NSW-2148"
104,"68500,26-tallawong-avenue-Blacktown-NSW-2148"
105,"68506,10-allen-road-Blacktown-NSW-2148"
106,"68509,141-walters-road-Blacktown-NSW-2148"
107,"68513,7-272-flushcombe-road-Blacktown-NSW-2148"
108,"68516,13-mort-street-Blacktown-NSW-2148"
109,"68526,14-mort-street-Blacktown-NSW-2148"
110,"68530,304-12-fourth-avenue-Blacktown-NSW-2148"
111,"68534,150-reservoir-road-Blacktown-NSW-2148"
112,"68537,179-bungarribee-road-Blacktown-NSW-2148"
113,"68542,37-16-oxford-street-Blacktown-NSW-2148"
114,"68556,12-29-33-kildare-road-Blacktown-NSW-2148"
115,"68560,8-26-west-street-Blacktown-NSW-2148"
116,"124431,11-daffodil-street-Marayong-NSW-2148"
117,"124432,1-nunga-place-Marayong-NSW-2148"
118,"124433,77--osborne-road-Marayong-NSW-2148"
119,"124434,69-breakfast-road-Marayong-NSW-2148"
120,"124436,7-37-shedworth-street-Marayong-NSW-2148"
121,"124438,4-caratel-crescent-Marayong-NSW-2148"
122,"124439,33-terrigal-street-Marayong-NSW-2148"
123,"124441,27-37-shedworth-street-Marayong-NSW-2148"
124,"124443,217-richmond-road-Marayong-NSW-2148"
125,"124444,45-noel-street-Marayong-NSW-2148"
126,"124447,7-arjez-place-Marayong-NSW-2148"
127,"124449,12-curran-road-Marayong-NSW-2148"
128,"124450,11-junee-street-Marayong-NSW-2148"
129,"124452,6a-osborne-road-Marayong-NSW-2148"
130,"124453,227-richmond-road-Marayong-NSW-2148"
131,"124456,47-quakers-road-Marayong-NSW-2148"
132,"124457,2-davis-road-Marayong-NSW-2148"
133,"124458,13-harrow-street-Marayong-NSW-2148"
134,"124460,56-terrigal-street-Marayong-NSW-2148"
135,"222458,206-8c-myrtle-street-Prospect-NSW-2148"
136,"222459,20-bromfield-avenue-Prospect-NSW-2148"
137,"222460,3-shaw-place-Prospect-NSW-2148"
138,"222465,4-8g-myrtle-street-Prospect-NSW-2148"
139,"222467,1a-cannon-street-Prospect-NSW-2148"
140,"222473,302-8c-myrtle-street-Prospect-NSW-2148"
141,"222474,50-witney-street-Prospect-NSW-2148"
142,"222477,1-belrose-place-Prospect-NSW-2148"
143,"222479,76-norman-street-Prospect-NSW-2148"
144,"222481,35-heath-street-Prospect-NSW-2148"
145,"222486,301-8c-myrtle-street-Prospect-NSW-2148"
146,"222487,204-8d-myrtle-street-Prospect-NSW-2148"
147,"222490,10-1-myrtle-street-Prospect-NSW-2148"
148,"222496,205-8b-myrtle-street-Prospect-NSW-2148"
149,"222506,84-aldgate-street-Prospect-NSW-2148"
150,"222508,24-watch-house-road-Prospect-NSW-2148"
151,"288666,203-8a-myrtle-street-Prospect-NSW-2148"
152,"305417,14-monash-road-Blacktown-NSW-2148"
153,"305418,3-allen-road-Blacktown-NSW-2148"
154,"305419,13-3-bruce-street-Blacktown-NSW-2148"
155,"305429,10-8-10-fifth-avenue-Blacktown-NSW-2148"
156,"305431,19-kerry-road-Blacktown-NSW-2148"
157,"305432,25a-tudor-avenue-Blacktown-NSW-2148"
158,"305552,15-jones-street-Blacktown-NSW-2148"
159,"326889,94-crudge-road-Marayong-NSW-2148"
160,"329576,27-upwey-street-Prospect-NSW-2148"
161,"338363,19-chester-street-Blacktown-NSW-2148"
162,"338364,3-7-boyd-street-Blacktown-NSW-2148"
163,"338387,49-tallawong-avenue-Blacktown-NSW-2148"
164,"361230,37-stanley-street-Blacktown-NSW-2148"
165,"385850,26-west-street-Blacktown-NSW-2148"
166,"446435,4-gardenset-grove-Blacktown-NSW-2148"
167,"464282,5-hillside-road-Blacktown-NSW-2148"
168,"497572,18a-osborne-road-Marayong-NSW-2148"
169,"502843,2-hadrian-avenue-Blacktown-NSW-2148"
170,"502920,7-west-street-Blacktown-NSW-2148"
171,"502922,70-31-third-avenue-Blacktown-NSW-2148"
172,"525786,49-crudge-road-Marayong-NSW-2148"
173,"528730,25-177-reservoir-road-Blacktown-NSW-2148"
174,"535888,22-andaman-street-Kings-Park-NSW-2148"
175,"546119,9-175-reservoir-road-Blacktown-NSW-2148"
176,"553273,30--jill-street-Marayong-NSW-2148"
177,"570900,12-hawkins-street-Blacktown-NSW-2148"
178,"570936,25-27-fourth-avenue-Blacktown-NSW-2148"
179,"591706,45-duckmallois-avenue-Blacktown-NSW-2148"
180,"591707,2-vincent-street-Blacktown-NSW-2148"
181,"657857,32-farmingdale-drive-Blacktown-NSW-2148"
182,"689227,203-richmond-road-Marayong-NSW-2148"
183,"710844,10-wilga-street-Blacktown-NSW-2148"
184,"734165,3-29-norfolk-street-Blacktown-NSW-2148"
185,"754099,24-kurrajong-crescent-Blacktown-NSW-2148"
186,"754117,22-jones-street-Blacktown-NSW-2148"
187,"802156,251-madagascar-drive-Kings-Park-NSW-2148"
188,"816333,3-25-27-fourth-avenue-Blacktown-NSW-2148"
189,"816347,89-21-29-third-avenue-Blacktown-NSW-2148"
190,"816367,8-ash-street-Blacktown-NSW-2148"
191,"848353,16-26-mantaka-street-Blacktown-NSW-2148"
192,"861871,4-canton-street-Kings-Park-NSW-2148"
193,"864184,25-hampton-crescent-Prospect-NSW-2148"
194,"868688,19-mcclean-street-Blacktown-NSW-2148"
195,"890748,108a-douglas-road-Blacktown-NSW-2148"
196,"893166,7-the-crescent-Marayong-NSW-2148"
197,"912534,75-highpoint-drive-Blacktown-NSW-2148"
198,"974894,14-garden-street-Blacktown-NSW-2148"
199,"974895,44-derwent-parade-Blacktown-NSW-2148"
200,"974896,19-shirley-street-Blacktown-NSW-2148"
201,"1003057,15-noel-street-Marayong-NSW-2148"
202,"1008270,1-nicholas-street-Blacktown-NSW-2148"
203,"1032913,5-newman-street-Blacktown-NSW-2148"
204,"1032914,9-anthony-street-Blacktown-NSW-2148"
205,"1032916,24-2-bruce-street-Blacktown-NSW-2148"
206,"1054544,27-39-patricia-street-Blacktown-NSW-2148"
207,"1054547,4-maud-street-Blacktown-NSW-2148"
208,"1054556,37a-177a-reservoir-road-Blacktown-NSW-2148"
209,"1054557,290-bungarribee-road-Blacktown-NSW-2148"
210,"1054571,22-anne-street-Blacktown-NSW-2148"
211,"1088934,9-de-castella-drive-Blacktown-NSW-2148"
212,"1088935,73-aliberti-drive-Blacktown-NSW-2148"
213,"1109509,91-kastelan-street-Blacktown-NSW-2148"
214,"1121352,12-old-church-lane-Prospect-NSW-2148"
215,"1140656,19-eggleton-street-Blacktown-NSW-2148"
216,"1140658,1b-oregon-street-Blacktown-NSW-2148"
217,"1140659,37-39-patricia-street-Blacktown-NSW-2148"
218,"1140684,320-bungarribee-road-Blacktown-NSW-2148"
219,"1140716,315-bungarribee-road-Blacktown-NSW-2148"
220,"1141710,73-cobham-street-Kings-Park-NSW-2148"
221,"1153625,29-harrod-street-Prospect-NSW-2148"
222,"1164235,15-archer-street-Blacktown-NSW-2148"
223,"1164237,20-21-29-third-avenue-Blacktown-NSW-2148"
224,"1164238,4-28-patrick-street-Blacktown-NSW-2148"
225,"1164257,45-13-19-devitt-street-Blacktown-NSW-2148"
226,"1164258,8-9-wallace-street-Blacktown-NSW-2148"
227,"1166859,237-madagascar-drive-Kings-Park-NSW-2148"
228,"1188571,35-dunstable-road-Blacktown-NSW-2148"
229,"1188589,15-braddon-street-Blacktown-NSW-2148"
230,"1188608,69-pendant-avenue-Blacktown-NSW-2148"
231,"1211599,14-laker-street-Blacktown-NSW-2148"
232,"1233297,6-burrell-parade-Blacktown-NSW-2148"
233,"1271390,54-killarney-avenue-Blacktown-NSW-2148"
234,"1298822,31-western-crescent-Blacktown-NSW-2148"
235,"1326497,4-43-lyton-street-Blacktown-NSW-2148"
236,"1326498,37-42-patricia-street-Blacktown-NSW-2148"
237,"1352561,12-9-13-griffiths-street-Blacktown-NSW-2148"
238,"1352562,25-45-bungarribee-road-Blacktown-NSW-2148"
239,"1428931,7-22-lancaster-street-Blacktown-NSW-2148"
240,"1428932,5-130-aliberti-drive-Blacktown-NSW-2148"
241,"1444080,29-1-myrtle-street-Prospect-NSW-2148"
242,"1456722,139-richmond-road-Marayong-NSW-2148"
243,"1456723,14-noora-place-Marayong-NSW-2148"
244,"1458195,55-william-street-Blacktown-NSW-2148"
245,"1458197,29-26-clifton-street-Blacktown-NSW-2148"
246,"1458240,3-59-61-balmoral-street-Blacktown-NSW-2148"
247,"1461780,18-ridgemont-place-Kings-Park-NSW-2148"
248,"1514362,4-kurrajong-crescent-Blacktown-NSW-2148"
249,"1514379,5-22-lancaster-street-Blacktown-NSW-2148"
250,"1536172,9-41-doonside-crescent-Blacktown-NSW-2148"
251,"1568828,29-mcclean-street-Blacktown-NSW-2148"
252,"1589377,315-flushcombe-road-Blacktown-NSW-2148"
253,"1617167,25-blackett-street-Kings-Park-NSW-2148"
254,"1618273,25-panorama-parade-Blacktown-NSW-2148"
255,"1618274,7-kastelan-street-Blacktown-NSW-2148"
256,"1618276,55-kastelan-street-Blacktown-NSW-2148"
257,"1645342,12-elanora-avenue-Blacktown-NSW-2148"
258,"1663418,115-davis-road-Marayong-NSW-2148"
259,"1667208,9-hunter-street-Blacktown-NSW-2148"
260,"1667209,32-burrell-parade-Blacktown-NSW-2148"
261,"1692247,4-cansdale-street-Blacktown-NSW-2148"
262,"1712946,194-madagascar-drive-Kings-Park-NSW-2148"
263,"1745505,11-bedford-road-Blacktown-NSW-2148"
264,"1778398,63-130-main-street-Blacktown-NSW-2148"
265,"1778399,163b-kildare-road-Blacktown-NSW-2148"
266,"1778419,11-21-29-third-avenue-Blacktown-NSW-2148"
267,"1778435,4-glamorgan-street-Blacktown-NSW-2148"
268,"1801192,20-palona-street-Marayong-NSW-2148"
269,"1805516,92-valda-street-Blacktown-NSW-2148"
270,"1805518,33-duckmallois-avenue-Blacktown-NSW-2148"
271,"1828727,3-alam-street-Blacktown-NSW-2148"
272,"1828729,10-sutton-street-Blacktown-NSW-2148"
273,"1828730,103-1-griffiths-street-Blacktown-NSW-2148"
274,"1828747,62-130-main-street-Blacktown-NSW-2148"
275,"1850470,63-nairana-drive-Marayong-NSW-2148"
276,"1852671,51-45-bungarribee-road-Blacktown-NSW-2148"
277,"1852681,2-56-irelands-road-Blacktown-NSW-2148"
278,"1874642,6-marana-street-Blacktown-NSW-2148"
279,"1908515,51-130-main-street-Blacktown-NSW-2148"
280,"1937016,32-oulton-street-Prospect-NSW-2148"
281,"1941343,57-177-reservoir-road-Blacktown-NSW-2148"
282,"1941345,15-wattle-street-Blacktown-NSW-2148"
283,"1941346,44-duckmallois-avenue-Blacktown-NSW-2148"
284,"1970891,3-pollack-street-Blacktown-NSW-2148"
285,"1970916,1-charles-street-Blacktown-NSW-2148"
286,"1997408,7-leslie-street-Blacktown-NSW-2148"
287,"1997409,5-sarsfield-street-Blacktown-NSW-2148"
288,"1997426,30-39-patricia-street-Blacktown-NSW-2148"
289,"2021528,81b-newton-road-Blacktown-NSW-2148"
290,"2043060,8-frederick-street-Blacktown-NSW-2148"
291,"2082110,16--bermuda-place-Kings-Park-NSW-2148"
292,"2088577,18-sutton-street-Blacktown-NSW-2148"
293,"2088578,32-7-griffiths-street-Blacktown-NSW-2148"
294,"2088604,36-177-reservoir-road-Blacktown-NSW-2148"
295,"2121591,112-quakers-road-Marayong-NSW-2148"
296,"2121595,33-daraya-road-Marayong-NSW-2148"
297,"2126417,200-blacktown-road-Blacktown-NSW-2148"
298,"2126419,8-andre-place-Blacktown-NSW-2148"
299,"2126420,51a-doonside-crescent-Blacktown-NSW-2148"
300,"2135828,8-dee-place-Prospect-NSW-2148"
301,"2147002,2-bridge-view-street-Blacktown-NSW-2148"
302,"2177052,83-turner-street-Blacktown-NSW-2148"
303,"2234355,22-malcolm-street-Blacktown-NSW-2148"
304,"2234358,32-5-griffiths-street-Blacktown-NSW-2148"
305,"2234385,5-hilltop-avenue-Blacktown-NSW-2148"
306,"2258059,136-donohue-street-Kings-Park-NSW-2148"
307,"2270382,51-balmoral-street-Blacktown-NSW-2148"
308,"2270383,1-ida-place-Blacktown-NSW-2148"
309,"2270384,9-frederick-street-Blacktown-NSW-2148"
310,"2270386,3-86-eggleton-street-Blacktown-NSW-2148"
311,"2270428,7-25-27-fourth----avenue-Blacktown-NSW-2148"
312,"2279371,102-myrtle-street-Prospect-NSW-2148"
313,"2296190,17-kent-street-Blacktown-NSW-2148"
314,"2296191,24-162-walters-road-Blacktown-NSW-2148"
315,"2296192,175b-flushcombe-road-Blacktown-NSW-2148"
316,"2296193,3-charles-street-Blacktown-NSW-2148"
317,"2313933,15-quakers-road-Marayong-NSW-2148"
318,"2321864,72-joseph-street-Blacktown-NSW-2148"
319,"2321865,69-harold-street-Blacktown-NSW-2148"
320,"2344332,29-marion-street-Blacktown-NSW-2148"
321,"2408178,30-raymond-street-Blacktown-NSW-2148"
322,"2426739,45-donohue-street-Kings-Park-NSW-2148"
323,"2438767,7-59-61-balmoral-street-Blacktown-NSW-2148"
324,"2438768,7-34-36-carinya-street-Blacktown-NSW-2148"
325,"2438806,12-alam-street-Blacktown-NSW-2148"
326,"2488812,18-blue-hills-crescent-Blacktown-NSW-2148"
327,"2488829,71a-177a-reservoir-road-Blacktown-NSW-2148"
328,"2488830,9-essex-street-Blacktown-NSW-2148"
329,"2488834,3-allay-street-Blacktown-NSW-2148"
330,"2513621,1-44-peter-street-Blacktown-NSW-2148"
331,"2530021,25-dagmar-crescent-Blacktown-NSW-2148"
332,"2572765,44-dan-avenue-Blacktown-NSW-2148"
333,"2584645,13-oulton-street-Prospect-NSW-2148"
334,"2584646,15-tyne-place-Prospect-NSW-2148"
335,"2598762,104-130-reservoir-road-Blacktown-NSW-2148"
336,"2598763,73-lock-street-Blacktown-NSW-2148"
337,"2598765,5-julie-street-Blacktown-NSW-2148"
338,"2598766,42-rutherford-street-Blacktown-NSW-2148"
339,"2598767,55--balmoral-street-Blacktown-NSW-2148"
340,"2598791,4-ashgrove-crescent-Blacktown-NSW-2148"
341,"2610519,16-upwey-street-Prospect-NSW-2148"
342,"2624405,2-20-tallawong-avenue-Blacktown-NSW-2148"
343,"2624426,12-2-bruce-street-Blacktown-NSW-2148"
344,"2636905,7-oulton-street-Prospect-NSW-2148"
345,"2651296,5-mcclean-street-Blacktown-NSW-2148"
346,"2651318,75a-newton-road-Blacktown-NSW-2148"
347,"2651333,72-31-third-avenue-Blacktown-NSW-2148"
348,"2668734,8-37-shedworth-street-Marayong-NSW-2148"
349,"2676719,8-heber-place-Prospect-NSW-2148"
350,"2706506,27-st-pauls-way-Blacktown-NSW-2148"
351,"2706507,3-theresa-street-Blacktown-NSW-2148"
352,"2706508,34-bridge-view-street-Blacktown-NSW-2148"
353,"2734634,4-patsy-place-Kings-Park-NSW-2148"
354,"2744879,6-vernon-street-Marayong-NSW-2148"
355,"2751700,25-kerry-road-Blacktown-NSW-2148"
356,"2751701,85-doonside-crescent-Blacktown-NSW-2148"
357,"2763658,10-hollydale-place-Prospect-NSW-2148"
358,"2774597,7-gibbons-place-Marayong-NSW-2148"
359,"2810934,20-sylvia-street-Blacktown-NSW-2148"
360,"2819850,263-madagascar--drive-Kings-Park-NSW-2148"
361,"2863693,4-lyte-place-Prospect-NSW-2148"
362,"2872413,10-burdett-crescent-Blacktown-NSW-2148"
363,"2872414,22-merlin-street-Blacktown-NSW-2148"
364,"2872415,21-dunn-way-Blacktown-NSW-2148"
365,"2920698,16-old-church-lane-Prospect-NSW-2148"
366,"2926974,3-quakers-road-Marayong-NSW-2148"
367,"2926975,42-terrigal-street-Marayong-NSW-2148"
368,"2930382,27-craiglea-street-Blacktown-NSW-2148"
369,"2930383,49-killarney-avenue-Blacktown-NSW-2148"
370,"2930384,17-berg-street-Blacktown-NSW-2148"
371,"2930410,65-130-reservoir-road-Blacktown-NSW-2148"
372,"2952529,19-1-myrtle-street-Prospect-NSW-2148"
373,"2956381,58-benalla-crescent-Marayong-NSW-2148"
374,"2957821,11-36-allawah-street-Blacktown-NSW-2148"
375,"2985529,3-1a-paula-street-Marayong-NSW-2148"
376,"2993803,50-anthony-street-Blacktown-NSW-2148"
377,"2993837,51-dina-beth-avenue-Blacktown-NSW-2148"
378,"2993854,23-essence-glade-Blacktown-NSW-2148"
379,"3013323,221-richmond-road-Marayong-NSW-2148"
380,"3013989,50a-anthony-street-Blacktown-NSW-2148"
381,"3014018,6-201-stephen-street-Blacktown-NSW-2148"
382,"3084944,42-24-first-avenue-Blacktown-NSW-2148"
383,"3084945,12-hadrian-avenue-Blacktown-NSW-2148"
384,"3084946,42-5-griffiths-street-Blacktown-NSW-2148"
385,"3085015,3-walters-road-Blacktown-NSW-2148"
386,"3099280,27-donohue-street-Kings-Park-NSW-2148"
387,"3115906,10-bailey-place-Blacktown-NSW-2148"
388,"3151373,223-vardys-road-Blacktown-NSW-2148"
389,"3192569,54-norman-street-Prospect-NSW-2148"
390,"3192570,20-lombard-place-Prospect-NSW-2148"
391,"3202727,38-highpoint-drive-Blacktown-NSW-2148"
392,"3267132,1-1-boyd-street-Blacktown-NSW-2148"
393,"3269335,17-shephard-street-Marayong-NSW-2148"
394,"3286665,4-curtis-place-Kings-Park-NSW-2148"
395,"3303488,101-frederick-street-Blacktown-NSW-2148"
396,"3303490,5-211-stephen-street-Blacktown-NSW-2148"
397,"3327305,21-myrtle-street-Prospect-NSW-2148"
398,"3340450,6-22-lancaster-street-Blacktown-NSW-2148"
399,"3340452,34-archer-street-Blacktown-NSW-2148"
400,"3340471,79-joseph-street-Blacktown-NSW-2148"
401,"3355720,7-bromfield-avenue-Prospect-NSW-2148"
402,"3396696,22-matthew-crescent-Blacktown-NSW-2148"
403,"3465529,13-26-clifton-street-Blacktown-NSW-2148"
404,"3465530,40-newton-road-Blacktown-NSW-2148"
405,"3465596,30-39-patricia-street-Blacktown-NSW-2148"
406,"3465597,61-bungarribee-road-Blacktown-NSW-2148"
407,"3504628,4-ironbark-crescent-Blacktown-NSW-2148"
408,"3504629,32-love-street-Blacktown-NSW-2148"
409,"3504631,19-maloney-street-Blacktown-NSW-2148"
410,"3527704,118-crudge-road-Marayong-NSW-2148"
411,"3531479,27-mcculloch-road-Blacktown-NSW-2148"
412,"3531494,3-walters-road-Blacktown-NSW-2148"
413,"3546137,252-madagascar-drive-Kings-Park-NSW-2148"
414,"3554780,91-aldgate-street-Prospect-NSW-2148"
415,"3554787,14-old-church-lane-Prospect-NSW-2148"
416,"3587957,56-ollier-crescent-Prospect-NSW-2148"
417,"3664602,19-roger-place-Blacktown-NSW-2148"
418,"3664603,2-saxby-way-Blacktown-NSW-2148"
419,"3664642,69-sarsfield-street-Blacktown-NSW-2148"
420,"3682604,8-wake-place-Kings-Park-NSW-2148"
421,"3699360,78-terrigal-street-Marayong-NSW-2148"
422,"3701420,19-12-sinclair-avenue-Blacktown-NSW-2148"
423,"3724603,31-clifton-street-Blacktown-NSW-2148"
424,"3724620,7a-jennifer-avenue-Blacktown-NSW-2148"
425,"3751866,84-myrtle-street-Prospect-NSW-2148"
426,"3751868,4-belrose-place-Prospect-NSW-2148"
427,"3762039,10-175-reservoir-road-Blacktown-NSW-2148"
428,"3829385,2-41-st-martins-crescent-Blacktown-NSW-2148"
429,"3847699,6-8e-myrtle-street-Prospect-NSW-2148"
430,"3859755,7-jennifer-avenue-Blacktown-NSW-2148"
431,"3900713,53-130-reservoir-road-Blacktown-NSW-2148"
432,"3900714,12-joseph-street-Blacktown-NSW-2148"
433,"3900735,39-2-4-fourth-avenue-Blacktown-NSW-2148"
434,"3921524,10-belrose-place-Prospect-NSW-2148"
435,"3927137,67-daraya-road-Marayong-NSW-2148"
436,"3929434,14-1-boyd-street-Blacktown-NSW-2148"
437,"3929435,10-mariko-place-Blacktown-NSW-2148"
438,"3962080,5-mossfield-lane-Marayong-NSW-2148"
439,"3964088,132b-walters-road-Blacktown-NSW-2148"
440,"3964096,6-nerada-street-Blacktown-NSW-2148"
441,"3964106,31-14-18-fourth-avenue,-Blacktown-NSW-2148"
442,"3964120,4-mary-street-Blacktown-NSW-2148"
443,"3984670,5b-ollier-crescent-Prospect-NSW-2148"
444,"4012354,6-16-patricia-street-Blacktown-NSW-2148"
445,"4034126,37-julie-street-Blacktown-NSW-2148"
446,"4060223,5-eta-street-Blacktown-NSW-2148"
447,"4060929,7-marampo-street-Marayong-NSW-2148"
448,"4061316,44-173a-reservoir-road-Blacktown-NSW-2148"
449,"4061318,3-36-lloyd-street-Blacktown-NSW-2148"
450,"4061319,fairwater-boulevard-Blacktown-NSW-2148"
451,"4063707,22-faulkland-crescent-Kings-Park-NSW-2148"
452,"4069050,107-8c-myrtle-street-Prospect-NSW-2148"
453,"4069092,24-forrestwood-place-Prospect-NSW-2148"
454,"4069672,28-blackett-street-Kings-Park-NSW-2148"
455,"4072493,7-19-21-balmoral-street-Blacktown-NSW-2148"
456,"4072494,2-18-sydney-street-Blacktown-NSW-2148"
457,"4072495,56-7-griffiths-street-Blacktown-NSW-2148"
458,"4072496,37-wilga-street-Blacktown-NSW-2148"
459,"4072497,10-craig-street-Blacktown-NSW-2148"
460,"4072498,50-kastelan-street-Blacktown-NSW-2148"
461,"4072499,57-lyton-street-Blacktown-NSW-2148"
462,"4072500,12-9-wallace-street-Blacktown-NSW-2148"
463,"4072763,15-shedworth-street-Marayong-NSW-2148"
464,"4084943,9-oaktree-grove-Prospect-NSW-2148"
465,"4086353,33-bromfield-avenue-Prospect-NSW-2148"
466,"4086413,15-hollydale-place-Prospect-NSW-2148"
467,"4088396,32-caratel-crescent-Marayong-NSW-2148"
468,"4088407,10-fursorb-street-Marayong-NSW-2148"
469,"4091644,302-1-griffiths-street-Blacktown-NSW-2148"
470,"4091708,13-45-bungarribee-road-Blacktown-NSW-2148"
471,"4091714,28-orwell-street-Blacktown-NSW-2148"
472,"4091721,6-de-castella-drive-Blacktown-NSW-2148"
473,"4091722,69-putters-circuit-Blacktown-NSW-2148"
474,"4091730,8-26-clifton-street-Blacktown-NSW-2148"
475,"4092212,43-13-19-devitt-street-Blacktown-NSW-2148"
476,"4092213,5-anthony-street-Blacktown-NSW-2148"
477,"4092218,25-allen-road-Blacktown-NSW-2148"
478,"4092480,13-eggleton-street-Blacktown-NSW-2148"
479,"4092489,17-love-street-Blacktown-NSW-2148"
480,"4092495,40-dina-beth-avenue-Blacktown-NSW-2148"
481,"4092531,8-cedar-place-Blacktown-NSW-2148"
482,"4092533,8-daphne-place-Blacktown-NSW-2148"
483,"4092544,48-kastelan-street-Blacktown-NSW-2148"
484,"4092875,109-wall-park-avenue-Blacktown-NSW-2148"
485,"4092897,31b-vella-crescent-Blacktown-NSW-2148"
486,"4098155,161-madagascar-drive-Kings-Park-NSW-2148"
487,"4098156,1-canton-street-Kings-Park-NSW-2148"
488,"4098157,22-marcus-street-Kings-Park-NSW-2148"
489,"4100329,7-140-walters-road-Blacktown-NSW-2148"
490,"4100493,34-crudge-road-Marayong-NSW-2148"
491,"4100794,7-8e-myrtle-street-Prospect-NSW-2148"
492,"4106286,30-douglas-road-Blacktown-NSW-2148"
493,"4106470,25-teagan-place-Blacktown-NSW-2148"
494,"4107049,21b-arnott-road-Marayong-NSW-2148"
495,"4108690,4-iona-street-Blacktown-NSW-2148"
496,"4108691,12-sparkle-avenue-Blacktown-NSW-2148"
497,"4108692,5-maureen-place-Blacktown-NSW-2148"
498,"4108693,27-2-fifth-avenue-Blacktown-NSW-2148"
499,"4108694,11-maree-place-Blacktown-NSW-2148"
500,"4108695,107-stephen-street-Blacktown-NSW-2148"
501,"4111592,38--dagmar-crescent-Blacktown-NSW-2148"
502,"4111603,19-bellevue-street-Blacktown-NSW-2148"
503,"4111625,172-blacktown-road-Blacktown-NSW-2148"
504,"4118717,17-dan-avenue-Blacktown-NSW-2148"
505,"4123392,74-5-griffiths-street-Blacktown-NSW-2148"
506,"4124379,75-130-main-street-Blacktown-NSW-2148"
507,"4126266,29-panorama-parade-Blacktown-NSW-2148"
508,"4127806,22-the-crescent-Marayong-NSW-2148"
509,"4131285,58-nairana-drive-Marayong-NSW-2148"
510,"4135641,36-8-18-wallace-street-Blacktown-NSW-2148"
511,"4145982,5-eltham-street-Blacktown-NSW-2148"
512,"4147623,18-highlands-crescent-Blacktown-NSW-2148"
513,"4147624,10-wattle-street-Blacktown-NSW-2148"
514,"4148058,11-mariko-place-Blacktown-NSW-2148"
515,"4148996,20-gould-way-Blacktown-NSW-2148"
516,"4149185,17-percy-street-Marayong-NSW-2148"
517,"4149916,128-madagascar-drive-Kings-Park-NSW-2148"
518,"4150262,16-eggleton-street-Blacktown-NSW-2148"
519,"4151357,105-1-griffiths-street-Blacktown-NSW-2148"
520,"4155026,5-tagu-place-Kings-Park-NSW-2148"
521,"4155139,1-79-orwell-street-Blacktown-NSW-2148"
522,"4155141,33-173a-reservoir-road-Blacktown-NSW-2148"
523,"4155547,3-heber-place-Prospect-NSW-2148"
524,"4158910,1b-bristol-circuit-Blacktown-NSW-2148"
525,"4159020,7-marcus-street-Kings-Park-NSW-2148"
526,"4160876,190-bungarribee-road-Blacktown-NSW-2148"
527,"4160877,64-swinson-road-Blacktown-NSW-2148"
528,"4160878,7-41-st-martins-crescent-Blacktown-NSW-2148"
529,"4162826,9-lyte-place-Prospect-NSW-2148"
530,"4162827,7-lombard-place-Prospect-NSW-2148"
531,"4163610,23-templar-street-Blacktown-NSW-2148"
532,"4163611,63-eggleton-street-Blacktown-NSW-2148"
533,"4166571,35-130-reservoir-road-Blacktown-NSW-2148"
